Title,Album,Artist,Duration
A Different Drum,Passion,Peter Gabriel,279604
Alone in Kyoto,Talkie Walkie,Air,291000
Ancient Chinese Secrets,Beyond Good &amp; Evil,Christophe Heral,179218
Before Night Falls,Passion,Peter Gabriel,139490
Bread and Wine,Passion,Peter Gabriel,138762
Budapest Eskimos,more pLUSH,The Lushlife Project,325000
Choshi Or Shirabe,Shakuhachi Meditation Music,Stan Richardson,291304
Disturbed,Passion,Peter Gabriel,216736
Gethsemane,Passion,Peter Gabriel,84604
In Doubt,Passion,Peter Gabriel,91598
In The Same Deep Water (feat. Jeffrey Fayman &amp; Robert Fripp),Trance Spirits,Steve Roach,702000
It Is Accomplished,Passion,Peter Gabriel,174642
Koku: Empty Sky,Shakuhachi Meditation Music,Stan Richardson,917800
Kyorei: Empty Bell,Shakuhachi Meditation Music,Stan Richardson,889980
Lazarus Raised,Passion,Peter Gabriel,85046
Matsukaze (Wind In The Pines),Shakuhachi Meditation Music,Stan Richardson,446498
Murasaki Reibo,Shakuhachi Meditation Music,Stan Richardson,481234
"Of These, Hope (reprise)",Passion,Peter Gabriel,163774
"Of These, Hope",Passion,Peter Gabriel,234962
Open,Passion,Peter Gabriel,208806
Outskirts Of Novigrad,Witcher 3 OST,Percival &amp; Marcin Przybyłowicz,364173
Passion,Passion,Peter Gabriel,456690
Sandstorm,Passion,Peter Gabriel,181272
Sanya: Three Valleys,Shakuhachi Meditation Music,Stan Richardson,885404
Sashi: Buddha Or Satsu,Shakuhachi Meditation Music,Stan Richardson,438698
Shika No Tône,Shakuhachi Meditation Music,Stan Richardson,627224
Shin Kyorei,Shakuhachi Meditation Music,Stan Richardson,1084798
Stigmata,Passion,Peter Gabriel,147784
Tamuke (Offering),Shakuhachi Meditation Music,Stan Richardson,456768
The Feeling Begins,Passion,Peter Gabriel,236615
The Fields Of Ard Skellig,Witcher 3 OST,Percival &amp; Marcin Przybyłowicz,190119
The Promise of Shadows,Passion,Peter Gabriel,130728
Troubled,Passion,Peter Gabriel,173394
Tsuru No Sugomori,Shakuhachi Meditation Music,Stan Richardson,477048
Wall of Breath,Passion,Peter Gabriel,148200
With This Love (choir),Passion,Peter Gabriel,200174
With This Love,Passion,Peter Gabriel,217620
Yoahi Ya,Shakuhachi Meditation Music,Stan Richardson,445302
Zaar,Passion,Peter Gabriel,291278
